"";"datum";"cas";"gho";"oblacnost";"teplota";"vietor";"vlhkost";"tlak";"praca";"fve";"fve_nazov";"ins_vykon";"dlzkadna";"azim";"elev"
"1";2015-07-01;2015-07-01 03:00:00;0;49;12;2;81;1022;2;1;"FVE Dubravy 1";850,000023841858;15,86;55,364;1,29842
"2";2015-07-01;2015-07-01 04:00:00;35;42;12,4;2;82;1022;11;1;"FVE Dubravy 1";850,000023841858;15,86;66,1656;9,94363
"3";2015-07-01;2015-07-01 05:00:00;126;31;14;1;77;1023;38;1;"FVE Dubravy 1";850,000023841858;15,86;76,6173;19,3301
"4";2015-07-01;2015-07-01 06:00:00;265;21;15,9;1;71;1023;85;1;"FVE Dubravy 1";850,000023841858;15,86;87,2703;29,1347
"5";2015-07-01;2015-07-01 07:00:00;428;27;17,8;1;68;1023;165;1;"FVE Dubravy 1";850,000023841858;15,86;98,912;39,0221
"6";2015-07-01;2015-07-01 08:00:00;554;44;19,3;0;63;1023;210;1;"FVE Dubravy 1";850,000023841858;15,86;112,791;48,5513
"7";2015-07-01;2015-07-01 09:00:00;656;43;20,5;0;59;1023;248;1;"FVE Dubravy 1";850,000023841858;15,86;130,976;56,9796
"8";2015-07-01;2015-07-01 10:00:00;721;45;21,9;1;55;1022;263;1;"FVE Dubravy 1";850,000023841858;15,86;156,089;62,9161
"9";2015-07-01;2015-07-01 11:00:00;687;59;22,5;1;53;1022;169;1;"FVE Dubravy 1";850,000023841858;15,86;187,295;64,3698
"10";2015-07-01;2015-07-01 12:00:00;584;66;22,5;1;55;1022;144;1;"FVE Dubravy 1";850,000023841858;15,86;216,349;60,6329
"11";2015-07-01;2015-07-01 13:00:00;541;46;22,8;1;56;1022;176;1;"FVE Dubravy 1";850,000023841858;15,86;238,02;53,3275
"12";2015-07-01;2015-07-01 14:00:00;483;44;22,6;2;60;1022;183;1;"FVE Dubravy 1";850,000023841858;15,86;253,914;44,2692
"13";2015-07-01;2015-07-01 15:00:00;332;75;21,9;1;67;1022;141;1;"FVE Dubravy 1";850,000023841858;15,86;266,57;34,5054
"14";2015-07-01;2015-07-01 16:00:00;69;100;20,3;0;77;1022;72;1;"FVE Dubravy 1";850,000023841858;15,86;277,638;24,6065
"15";2015-07-01;2015-07-01 17:00:00;54;43;18,8;1;91;1022;25;1;"FVE Dubravy 1";850,000023841858;15,86;288,118;14,9485
"16";2015-07-01;2015-07-01 18:00:00;86;2;18,1;1;95;1022;6;1;"FVE Dubravy 1";850,000023841858;15,86;298,67;5,85305
"17";2015-07-02;2015-07-02 03:00:00;1;0;14,1;1;77;1024;1;1;"FVE Dubravy 1";850,000023841858;15,84;55,3684;1,21745
"18";2015-07-02;2015-07-02 04:00:00;42;0;14,3;1;82;1024;11;1;"FVE Dubravy 1";850,000023841858;15,84;66,1772;9,86314
"19";2015-07-02;2015-07-02 05:00:00;145;0;15,9;1;80;1024;37;1;"FVE Dubravy 1";850,000023841858;15,84;76,6344;19,2502
"20";2015-07-02;2015-07-02 06:00:00;288;5;18,1;1;72;1025;96;1;"FVE Dubravy 1";850,000023841858;15,84;87,2915;29,0551
"21";2015-07-02;2015-07-02 07:00:00;427;36;19,9;1;66;1025;156;1;"FVE Dubravy 1";850,000023841858;15,84;98,935;38,9422
"22";2015-07-02;2015-07-02 08:00:00;558;25;21,1;1;63;1025;207;1;"FVE Dubravy 1";850,000023841858;15,84;112,811;48,4702
"23";2015-07-02;2015-07-02 09:00:00;646;63;22;1;60;1025;245;1;"FVE Dubravy 1";850,000023841858;15,84;130,977;56,8973
"24";2015-07-02;2015-07-02 10:00:00;663;79;22,6;2;59;1025;237;1;"FVE Dubravy 1";850,000023841858;15,84;156,041;62,8365
"25";2015-07-02;2015-07-02 11:00:00;686;80;23,1;2;57;1024;204;1;"FVE Dubravy 1";850,000023841858;15,84;187,179;64,3039
"26";2015-07-02;2015-07-02 12:00:00;631;90;23,5;1;55;1024;252;1;"FVE Dubravy 1";850,000023841858;15,84;216,206;60,5879
"27";2015-07-02;2015-07-02 13:00:00;279;100;22,5;1;57;1024;230;1;"FVE Dubravy 1";850,000023841858;15,84;237,89;53,2982
"28";2015-07-02;2015-07-02 14:00:00;208;88;21;0;71;1025;128;1;"FVE Dubravy 1";850,000023841858;15,84;253,801;44,2482
"29";2015-07-02;2015-07-02 15:00:00;349;36;21,7;1;70;1025;151;1;"FVE Dubravy 1";850,000023841858;15,84;266,471;34,4873
"30";2015-07-02;2015-07-02 16:00:00;305;38;22;0;68;1024;87;1;"FVE Dubravy 1";850,000023841858;15,84;277,549;24,5875
"31";2015-07-02;2015-07-02 17:00:00;196;22;21,6;0;70;1025;29;1;"FVE Dubravy 1";850,000023841858;15,84;288,034;14,926
"32";2015-07-02;2015-07-02 18:00:00;86;25;20,8;0;75;1025;5;1;"FVE Dubravy 1";850,000023841858;15,84;298,59;5,82475
"33";2015-07-03;2015-07-03 03:00:00;0;0;14,7;1;58;1028;1;1;"FVE Dubravy 1";850,000023841858;15,83;55,3775;1,13167
"34";2015-07-03;2015-07-03 04:00:00;41;0;14,6;1;66;1028;11;1;"FVE Dubravy 1";850,000023841858;15,83;66,194;9,77826
"35";2015-07-03;2015-07-03 05:00:00;145;0;16;1;65;1028;35;1;"FVE Dubravy 1";850,000023841858;15,83;76,6573;19,1663
"36";2015-07-03;2015-07-03 06:00:00;289;0;18;1;56;1028;100;1;"FVE Dubravy 1";850,000023841858;15,83;87,319;28,9716
"37";2015-07-03;2015-07-03 07:00:00;443;0;19,7;1;49;1028;166;1;"FVE Dubravy 1";850,000023841858;15,83;98,9649;38,8582
"38";2015-07-03;2015-07-03 08:00:00;587;0;21,1;1;46;1028;215;1;"FVE Dubravy 1";850,000023841858;15,83;112,838;48,3847
"39";2015-07-03;2015-07-03 09:00:00;705;0;22,3;1;45;1028;258;1;"FVE Dubravy 1";850,000023841858;15,83;130,986;56,8098
"40";2015-07-03;2015-07-03 10:00:00;786;0;23,3;1;44;1028;257;1;"FVE Dubravy 1";850,000023841858;15,83;156;62,7507
"41";2015-07-03;2015-07-03 11:00:00;822;0;24,1;1;45;1027;233;1;"FVE Dubravy 1";850,000023841858;15,83;187,065;64,2313
"42";2015-07-03;2015-07-03 12:00:00;811;0;24,6;1;44;1027;268;1;"FVE Dubravy 1";850,000023841858;15,83;216,061;60,5363
"43";2015-07-03;2015-07-03 13:00:00;753;1;25;2;44;1027;234;1;"FVE Dubravy 1";850,000023841858;15,83;237,754;53,2629
"44";2015-07-03;2015-07-03 14:00:00;653;0;25;2;44;1026;206;1;"FVE Dubravy 1";850,000023841858;15,83;253,683;44,2216
"45";2015-07-03;2015-07-03 15:00:00;521;0;24,4;3;47;1026;144;1;"FVE Dubravy 1";850,000023841858;15,83;266,367;34,4637
"46";2015-07-03;2015-07-03 16:00:00;367;7;23,4;3;50;1027;70;1;"FVE Dubravy 1";850,000023841858;15,83;277,454;24,5631
"47";2015-07-03;2015-07-03 17:00:00;207;9;22,2;3;51;1027;22;1;"FVE Dubravy 1";850,000023841858;15,83;287,946;14,8979
"48";2015-07-03;2015-07-03 18:00:00;89;3;20,9;2;53;1027;4;1;"FVE Dubravy 1";850,000023841858;15,83;298,507;5,79061
"49";2015-07-04;2015-07-04 03:00:00;0;14;13,9;1;69;1027;1;1;"FVE Dubravy 1";850,000023841858;15,81;55,3914;1,04114
"50";2015-07-04;2015-07-04 04:00:00;40;10;14,2;0;81;1026;9;1;"FVE Dubravy 1";850,000023841858;15,81;66,2161;9,68904
"51";2015-07-04;2015-07-04 05:00:00;143;7;16,2;0;82;1026;34;1;"FVE Dubravy 1";850,000023841858;15,81;76,6859;19,0783
"52";2015-07-04;2015-07-04 06:00:00;286;7;18,9;0;63;1026;98;1;"FVE Dubravy 1";850,000023841858;15,81;87,3527;28,8842
"53";2015-07-04;2015-07-04 07:00:00;440;6;20,9;0;58;1026;163;1;"FVE Dubravy 1";850,000023841858;15,81;99,0018;38,7703
"54";2015-07-04;2015-07-04 08:00:00;584;4;22,3;0;54;1026;214;1;"FVE Dubravy 1";850,000023841858;15,81;112,873;48,2949
"55";2015-07-04;2015-07-04 09:00:00;701;7;23,6;1;51;1025;249;1;"FVE Dubravy 1";850,000023841858;15,81;131,004;56,7174
"56";2015-07-04;2015-07-04 10:00:00;780;9;24,7;1;48;1025;265;1;"FVE Dubravy 1";850,000023841858;15,81;155,966;62,6589
"57";2015-07-04;2015-07-04 11:00:00;816;9;25,6;1;44;1024;268;1;"FVE Dubravy 1";850,000023841858;15,81;186,952;64,1518
"58";2015-07-04;2015-07-04 12:00:00;806;5;26,3;1;40;1023;259;1;"FVE Dubravy 1";850,000023841858;15,81;215,912;60,4781
"59";2015-07-04;2015-07-04 13:00:00;750;4;26,9;1;38;1023;235;1;"FVE Dubravy 1";850,000023841858;15,81;237,613;53,2215
"60";2015-07-04;2015-07-04 14:00:00;649;6;27,5;1;38;1022;197;1;"FVE Dubravy 1";850,000023841858;15,81;253,56;44,1892
"61";2015-07-04;2015-07-04 15:00:00;481;23;27,4;1;42;1022;142;1;"FVE Dubravy 1";850,000023841858;15,81;266,259;34,4346
"62";2015-07-04;2015-07-04 16:00:00;305;27;26,8;1;46;1021;78;1;"FVE Dubravy 1";850,000023841858;15,81;277,356;24,5332
"63";2015-07-04;2015-07-04 17:00:00;190;15;25,7;1;54;1021;24;1;"FVE Dubravy 1";850,000023841858;15,81;287,855;14,8642
"64";2015-07-04;2015-07-04 18:00:00;87;2;24;2;56;1021;5;1;"FVE Dubravy 1";850,000023841858;15,81;298,42;5,75059
"65";2015-07-05;2015-07-05 03:00:00;0;5;15,2;1;78;1021;1;1;"FVE Dubravy 1";850,000023841858;15,79;55,4102;0,945923
"66";2015-07-05;2015-07-05 04:00:00;39;5;15,6;1;84;1020;9;1;"FVE Dubravy 1";850,000023841858;15,79;66,2434;9,59558
"67";2015-07-05;2015-07-05 05:00:00;141;23;17,5;1;81;1020;34;1;"FVE Dubravy 1";850,000023841858;15,79;76,7202;18,9863
"68";2015-07-05;2015-07-05 06:00:00;280;16;20,3;1;68;1020;94;1;"FVE Dubravy 1";850,000023841858;15,79;87,3927;28,7929
"69";2015-07-05;2015-07-05 07:00:00;433;25;22,8;1;59;1020;158;1;"FVE Dubravy 1";850,000023841858;15,79;99,0457;38,6785
"70";2015-07-05;2015-07-05 08:00:00;566;38;24,6;0;52;1020;208;1;"FVE Dubravy 1";850,000023841858;15,79;112,915;48,2009
"71";2015-07-05;2015-07-05 09:00:00;686;12;25,9;0;45;1019;238;1;"FVE Dubravy 1";850,000023841858;15,79;131,03;56,62
"72";2015-07-05;2015-07-05 10:00:00;777;2;27,4;0;42;1019;258;1;"FVE Dubravy 1";850,000023841858;15,79;155,938;62,5611
"73";2015-07-05;2015-07-05 11:00:00;815;14;28,4;1;38;1018;263;1;"FVE Dubravy 1";850,000023841858;15,79;186,841;64,0655
"74";2015-07-05;2015-07-05 12:00:00;781;43;29;1;34;1018;251;1;"FVE Dubravy 1";850,000023841858;15,79;215,76;60,4131
"75";2015-07-05;2015-07-05 13:00:00;716;3;29,5;2;33;1017;230;1;"FVE Dubravy 1";850,000023841858;15,79;237,468;53,1739
"76";2015-07-05;2015-07-05 14:00:00;598;20;29,3;2;37;1017;191;1;"FVE Dubravy 1";850,000023841858;15,79;253,432;44,1511
"77";2015-07-05;2015-07-05 15:00:00;430;27;29;1;38;1017;138;1;"FVE Dubravy 1";850,000023841858;15,79;266,145;34,3999
"78";2015-07-05;2015-07-05 16:00:00;301;26;28,5;1;42;1017;75;1;"FVE Dubravy 1";850,000023841858;15,79;277,253;24,4977
"79";2015-07-05;2015-07-05 17:00:00;199;4;27,2;2;47;1017;25;1;"FVE Dubravy 1";850,000023841858;15,79;287,759;14,8248
"80";2015-07-05;2015-07-05 18:00:00;89;7;25,4;2;51;1017;4;1;"FVE Dubravy 1";850,000023841858;15,79;298,33;5,70468
"81";2015-07-06;2015-07-06 03:00:00;0;35;16,7;0;80;1018;1;1;"FVE Dubravy 1";850,000023841858;15,77;55,4338;0,8461
"82";2015-07-06;2015-07-06 04:00:00;36;27;17,4;0;81;1017;8;1;"FVE Dubravy 1";850,000023841858;15,77;66,2761;9,49794
"83";2015-07-06;2015-07-06 05:00:00;123;31;19,3;0;78;1017;34;1;"FVE Dubravy 1";850,000023841858;15,77;76,7602;18,8905
"84";2015-07-06;2015-07-06 06:00:00;241;27;22;0;60;1017;92;1;"FVE Dubravy 1";850,000023841858;15,77;87,4391;28,698
"85";2015-07-06;2015-07-06 07:00:00;378;11;23,5;0;56;1018;152;1;"FVE Dubravy 1";850,000023841858;15,77;99,0966;38,5829
"86";2015-07-06;2015-07-06 08:00:00;567;20;25,1;1;51;1018;201;1;"FVE Dubravy 1";850,000023841858;15,77;112,966;48,1028
"87";2015-07-06;2015-07-06 09:00:00;676;28;26,5;1;48;1018;237;1;"FVE Dubravy 1";850,000023841858;15,77;131,064;56,5177
"88";2015-07-06;2015-07-06 10:00:00;764;2;27,8;1;45;1017;257;1;"FVE Dubravy 1";850,000023841858;15,77;155,917;62,4573
"89";2015-07-06;2015-07-06 11:00:00;804;14;29,1;2;42;1017;260;1;"FVE Dubravy 1";850,000023841858;15,77;186,733;63,9725
"90";2015-07-06;2015-07-06 12:00:00;777;10;29,6;3;39;1017;249;1;"FVE Dubravy 1";850,000023841858;15,77;215,606;60,3415
"91";2015-07-06;2015-07-06 13:00:00;738;0;29,9;3;38;1016;224;1;"FVE Dubravy 1";850,000023841858;15,77;237,317;53,1202
"92";2015-07-06;2015-07-06 14:00:00;637;3;30,1;3;37;1016;184;1;"FVE Dubravy 1";850,000023841858;15,77;253,299;44,1073
"93";2015-07-06;2015-07-06 15:00:00;508;5;29,7;3;38;1016;121;1;"FVE Dubravy 1";850,000023841858;15,77;266,027;34,3596
"94";2015-07-06;2015-07-06 16:00:00;350;33;28,6;3;37;1016;75;1;"FVE Dubravy 1";850,000023841858;15,77;277,146;24,4567
"95";2015-07-06;2015-07-06 17:00:00;197;52;27;3;42;1016;24;1;"FVE Dubravy 1";850,000023841858;15,77;287,66;14,7796
"96";2015-07-06;2015-07-06 18:00:00;84;46;25,5;2;48;1017;5;1;"FVE Dubravy 1";850,000023841858;15,77;298,237;5,65286
"97";2015-07-07;2015-07-07 03:00:00;0;11;16,4;0;93;1018;0;1;"FVE Dubravy 1";850,000023841858;15,75;55,4624;0,741742
"98";2015-07-07;2015-07-07 04:00:00;37;13;16,8;0;93;1018;10;1;"FVE Dubravy 1";850,000023841858;15,75;66,3141;9,39619
"99";2015-07-07;2015-07-07 05:00:00;137;18;18,9;0;90;1018;33;1;"FVE Dubravy 1";850,000023841858;15,75;76,8061;18,7909
"100";2015-07-07;2015-07-07 06:00:00;278;9;21,7;0;73;1018;94;1;"FVE Dubravy 1";850,000023841858;15,75;87,4917;28,5993
"101";2015-07-07;2015-07-07 07:00:00;429;12;23,4;0;65;1018;157;1;"FVE Dubravy 1";850,000023841858;15,75;99,1544;38,4836
"102";2015-07-07;2015-07-07 08:00:00;570;13;25;0;59;1017;205;1;"FVE Dubravy 1";850,000023841858;15,75;113,024;48,0005
"103";2015-07-07;2015-07-07 09:00:00;689;5;26,3;1;52;1017;241;1;"FVE Dubravy 1";850,000023841858;15,75;131,106;56,4106
"104";2015-07-07;2015-07-07 10:00:00;776;0;27,4;1;47;1017;189;1;"FVE Dubravy 1";850,000023841858;15,75;155,904;62,3476
"105";2015-07-07;2015-07-07 11:00:00;809;1;28,4;1;46;1016;233;1;"FVE Dubravy 1";850,000023841858;15,75;186,627;63,8728
"106";2015-07-07;2015-07-07 12:00:00;743;20;29,1;2;49;1015;213;1;"FVE Dubravy 1";850,000023841858;15,75;215,449;60,2632
"107";2015-07-07;2015-07-07 13:00:00;607;26;29,2;2;50;1015;234;1;"FVE Dubravy 1";850,000023841858;15,75;237,163;53,0602
"108";2015-07-07;2015-07-07 14:00:00;548;28;29,2;3;48;1014;176;1;"FVE Dubravy 1";850,000023841858;15,75;253,161;44,0575
"109";2015-07-07;2015-07-07 15:00:00;477;5;28,8;3;49;1014;135;1;"FVE Dubravy 1";850,000023841858;15,75;265,905;34,3137
"110";2015-07-07;2015-07-07 16:00:00;360;0;28;3;52;1014;81;1;"FVE Dubravy 1";850,000023841858;15,75;277,035;24,41
"111";2015-07-07;2015-07-07 17:00:00;215;11;26,9;3;56;1014;19;1;"FVE Dubravy 1";850,000023841858;15,75;287,558;14,7288
"112";2015-07-07;2015-07-07 18:00:00;87;60;25,5;2;63;1014;4;1;"FVE Dubravy 1";850,000023841858;15,75;298,141;5,59511
"113";2015-07-08;2015-07-08 03:00:00;0;25;20;1;73;1010;1;1;"FVE Dubravy 1";850,000023841858;15,73;55,4959;0,632923
"114";2015-07-08;2015-07-08 04:00:00;31;31;20,5;1;76;1010;13;1;"FVE Dubravy 1";850,000023841858;15,73;66,3574;9,29041
"115";2015-07-08;2015-07-08 05:00:00;122;10;22;1;73;1010;37;1;"FVE Dubravy 1";850,000023841858;15,73;76,8577;18,6875
"116";2015-07-08;2015-07-08 06:00:00;269;6;24;2;64;1010;76;1;"FVE Dubravy 1";850,000023841858;15,73;87,5506;28,4971
"117";2015-07-08;2015-07-08 07:00:00;388;22;25,2;2;58;1010;129;1;"FVE Dubravy 1";850,000023841858;15,73;99,2191;38,3806
"118";2015-07-08;2015-07-08 08:00:00;483;17;26,1;2;56;1009;199;1;"FVE Dubravy 1";850,000023841858;15,73;113,09;47,8942
"119";2015-07-08;2015-07-08 09:00:00;592;28;27,1;3;54;1009;234;1;"FVE Dubravy 1";850,000023841858;15,73;131,157;56,2988
"120";2015-07-08;2015-07-08 10:00:00;655;31;27,9;2;55;1009;255;1;"FVE Dubravy 1";850,000023841858;15,73;155,897;62,2322
"121";2015-07-08;2015-07-08 11:00:00;627;23;28,4;1;56;1008;258;1;"FVE Dubravy 1";850,000023841858;15,73;186,524;63,7664
"122";2015-07-08;2015-07-08 12:00:00;670;25;29,2;2;54;1007;179;1;"FVE Dubravy 1";850,000023841858;15,73;215,29;60,1782
"123";2015-07-08;2015-07-08 13:00:00;481;91;28,7;2;53;1007;189;1;"FVE Dubravy 1";850,000023841858;15,73;237,004;52,994
"124";2015-07-08;2015-07-08 14:00:00;178;100;24,7;2;82;1007;68;1;"FVE Dubravy 1";850,000023841858;15,73;253,019;44,002
"125";2015-07-08;2015-07-08 15:00:00;79;100;22,6;0;90;1008;7;1;"FVE Dubravy 1";850,000023841858;15,73;265,778;34,2621
"126";2015-07-08;2015-07-08 16:00:00;232;100;23,3;2;90;1007;0;1;"FVE Dubravy 1";850,000023841858;15,73;276,92;24,3576
"127";2015-07-08;2015-07-08 17:00:00;35;98;19,2;5;93;1009;0;1;"FVE Dubravy 1";850,000023841858;15,73;287,451;14,6722
"128";2015-07-08;2015-07-08 18:00:00;27;100;18;4;93;1011;1;1;"FVE Dubravy 1";850,000023841858;15,73;298,042;5,53142
"129";2015-07-09;2015-07-09 03:00:00;0;80;15,3;3;87;1012;2;1;"FVE Dubravy 1";850,000023841858;15,71;55,5344;0,519716
"130";2015-07-09;2015-07-09 04:00:00;20;84;15,1;2;85;1012;13;1;"FVE Dubravy 1";850,000023841858;15,71;66,4061;9,18068
"131";2015-07-09;2015-07-09 05:00:00;73;95;15,2;3;83;1013;37;1;"FVE Dubravy 1";850,000023841858;15,71;76,9151;18,5805
"132";2015-07-09;2015-07-09 06:00:00;125;97;15,4;3;78;1013;85;1;"FVE Dubravy 1";850,000023841858;15,71;87,6158;28,3914
"133";2015-07-09;2015-07-09 07:00:00;304;2;16,9;3;70;1013;142;1;"FVE Dubravy 1";850,000023841858;15,71;99,2908;38,274
"134";2015-07-09;2015-07-09 08:00:00;557;11;18,5;4;59;1013;223;1;"FVE Dubravy 1";850,000023841858;15,71;113,163;47,784
"135";2015-07-09;2015-07-09 09:00:00;632;16;19;4;56;1013;267;1;"FVE Dubravy 1";850,000023841858;15,71;131,215;56,1822
"136";2015-07-09;2015-07-09 10:00:00;696;19;19,5;4;53;1013;145;1;"FVE Dubravy 1";850,000023841858;15,71;155,897;62,1109
"137";2015-07-09;2015-07-09 11:00:00;690;30;20;4;52;1014;262;1;"FVE Dubravy 1";850,000023841858;15,71;186,423;63,6533
"138";2015-07-09;2015-07-09 12:00:00;649;30;20,2;4;50;1014;95;1;"FVE Dubravy 1";850,000023841858;15,71;215,129;60,0865
"139";2015-07-09;2015-07-09 13:00:00;598;29;20,4;4;49;1013;162;1;"FVE Dubravy 1";850,000023841858;15,71;236,841;52,9216
"140";2015-07-09;2015-07-09 14:00:00;547;22;20,5;4;48;1013;126;1;"FVE Dubravy 1";850,000023841858;15,71;252,872;43,9405
"141";2015-07-09;2015-07-09 15:00:00;462;34;20,4;6;49;1013;68;1;"FVE Dubravy 1";850,000023841858;15,71;265,647;34,2048
"142";2015-07-09;2015-07-09 16:00:00;320;5;19,1;4;57;1014;76;1;"FVE Dubravy 1";850,000023841858;15,71;276,802;24,2996
"143";2015-07-09;2015-07-09 17:00:00;182;15;17,6;4;70;1014;26;1;"FVE Dubravy 1";850,000023841858;15,71;287,342;14,6098
"144";2015-07-09;2015-07-09 18:00:00;68;89;15,4;4;91;1015;8;1;"FVE Dubravy 1";850,000023841858;15,71;297,94;5,46177
"145";2015-07-10;2015-07-10 03:00:00;0;0;9,8;1;66;1020;1;1;"FVE Dubravy 1";850,000023841858;15,68;55,5779;0,402198
"146";2015-07-10;2015-07-10 04:00:00;35;0;9,7;1;75;1020;8;1;"FVE Dubravy 1";850,000023841858;15,68;66,4602;9,06706
"147";2015-07-10;2015-07-10 05:00:00;139;0;10,6;2;74;1021;35;1;"FVE Dubravy 1";850,000023841858;15,68;76,9783;18,4699
"148";2015-07-10;2015-07-10 06:00:00;285;0;12,3;3;63;1020;102;1;"FVE Dubravy 1";850,000023841858;15,68;87,6873;28,2822
"149";2015-07-10;2015-07-10 07:00:00;440;12;13,8;3;55;1020;169;1;"FVE Dubravy 1";850,000023841858;15,68;99,3695;38,1639
"150";2015-07-10;2015-07-10 08:00:00;555;40;14,9;4;49;1020;159;1;"FVE Dubravy 1";850,000023841858;15,68;113,244;47,6699
"151";2015-07-10;2015-07-10 09:00:00;562;54;15,6;4;47;1020;253;1;"FVE Dubravy 1";850,000023841858;15,68;131,282;56,061
"152";2015-07-10;2015-07-10 10:00:00;700;16;16,6;5;45;1019;270;1;"FVE Dubravy 1";850,000023841858;15,68;155,905;61,984
"153";2015-07-10;2015-07-10 11:00:00;754;15;17,5;5;42;1019;246;1;"FVE Dubravy 1";850,000023841858;15,68;186,326;63,5337
"154";2015-07-10;2015-07-10 12:00:00;736;16;17,8;5;40;1019;277;1;"FVE Dubravy 1";850,000023841858;15,68;214,967;59,9882
"155";2015-07-10;2015-07-10 13:00:00;649;36;17,7;5;42;1019;272;1;"FVE Dubravy 1";850,000023841858;15,68;236,674;52,8428
"156";2015-07-10;2015-07-10 14:00:00;523;38;17,5;5;47;1018;219;1;"FVE Dubravy 1";850,000023841858;15,68;252,721;43,8731
"157";2015-07-10;2015-07-10 15:00:00;436;30;17,3;5;50;1018;153;1;"FVE Dubravy 1";850,000023841858;15,68;265,512;34,1418
"158";2015-07-10;2015-07-10 16:00:00;322;18;16,9;5;47;1018;77;1;"FVE Dubravy 1";850,000023841858;15,68;276,679;24,2359
"159";2015-07-10;2015-07-10 17:00:00;206;2;16,1;5;46;1018;25;1;"FVE Dubravy 1";850,000023841858;15,68;287,229;14,5416
"160";2015-07-10;2015-07-10 18:00:00;89;0;14,9;4;44;1019;5;1;"FVE Dubravy 1";850,000023841858;15,68;297,835;5,38617
"161";2015-07-11;2015-07-11 03:00:00;0;1;3,8;2;82;1021;1;1;"FVE Dubravy 1";850,000023841858;15,66;55,6264;0,280446
"162";2015-07-11;2015-07-11 04:00:00;33;9;3,8;1;82;1021;8;1;"FVE Dubravy 1";850,000023841858;15,66;66,5198;8,94965
"163";2015-07-11;2015-07-11 05:00:00;136;0;5,5;1;77;1021;34;1;"FVE Dubravy 1";850,000023841858;15,66;77,0473;18,3558
"164";2015-07-11;2015-07-11 06:00:00;283;0;8;0;72;1020;104;1;"FVE Dubravy 1";850,000023841858;15,66;87,765;28,1696
"165";2015-07-11;2015-07-11 07:00:00;440;0;11,5;1;66;1020;174;1;"FVE Dubravy 1";850,000023841858;15,66;99,455;38,0503
"166";2015-07-11;2015-07-11 08:00:00;586;0;14,5;2;58;1019;230;1;"FVE Dubravy 1";850,000023841858;15,66;113,333;47,5519
"167";2015-07-11;2015-07-11 09:00:00;705;0;16,5;2;51;1018;269;1;"FVE Dubravy 1";850,000023841858;15,66;131,357;55,9353
"168";2015-07-11;2015-07-11 10:00:00;786;0;18;3;47;1018;289;1;"FVE Dubravy 1";850,000023841858;15,66;155,919;61,8514
"169";2015-07-11;2015-07-11 11:00:00;822;0;19,3;3;44;1017;290;1;"FVE Dubravy 1";850,000023841858;15,66;186,232;63,4075
"170";2015-07-11;2015-07-11 12:00:00;811;0;20,1;3;41;1016;276;1;"FVE Dubravy 1";850,000023841858;15,66;214,803;59,8832
"171";2015-07-11;2015-07-11 13:00:00;752;5;20,6;4;40;1016;252;1;"FVE Dubravy 1";850,000023841858;15,66;236,504;52,7578
"172";2015-07-11;2015-07-11 14:00:00;644;9;20,7;4;41;1016;207;1;"FVE Dubravy 1";850,000023841858;15,66;252,566;43,7998
"173";2015-07-11;2015-07-11 15:00:00;503;25;20,4;4;42;1015;145;1;"FVE Dubravy 1";850,000023841858;15,66;265,373;34,073
"174";2015-07-11;2015-07-11 16:00:00;308;58;19,6;4;43;1016;71;1;"FVE Dubravy 1";850,000023841858;15,66;276,553;24,1664
"175";2015-07-11;2015-07-11 17:00:00;154;76;18,5;3;47;1016;24;1;"FVE Dubravy 1";850,000023841858;15,66;287,113;14,4677
"176";2015-07-11;2015-07-11 18:00:00;60;84;17,5;3;47;1016;3;1;"FVE Dubravy 1";850,000023841858;15,66;297,727;5,3046
"177";2015-07-12;2015-07-12 03:00:00;0;55;11,1;0;56;1016;2;1;"FVE Dubravy 1";850,000023841858;15,63;55,68;0,154535
"178";2015-07-12;2015-07-12 04:00:00;29;20;11,1;1;64;1016;9;1;"FVE Dubravy 1";850,000023841858;15,63;66,5847;8,82851
"179";2015-07-12;2015-07-12 05:00:00;126;9;11,7;1;61;1017;34;1;"FVE Dubravy 1";850,000023841858;15,63;77,122;18,2382
"180";2015-07-12;2015-07-12 06:00:00;268;5;13,2;1;64;1017;96;1;"FVE Dubravy 1";850,000023841858;15,63;87,8491;28,0537
"181";2015-07-12;2015-07-12 07:00:00;414;6;14,8;0;62;1017;166;1;"FVE Dubravy 1";850,000023841858;15,63;99,5474;37,9333
"182";2015-07-12;2015-07-12 08:00:00;554;9;18;1;61;1016;177;1;"FVE Dubravy 1";850,000023841858;15,63;113,429;47,4302
"183";2015-07-12;2015-07-12 09:00:00;681;5;20,5;2;55;1016;256;1;"FVE Dubravy 1";850,000023841858;15,63;131,439;55,8051
"184";2015-07-12;2015-07-12 10:00:00;729;32;21,8;2;50;1016;275;1;"FVE Dubravy 1";850,000023841858;15,63;155,941;61,7133
"185";2015-07-12;2015-07-12 11:00:00;707;56;22,5;3;49;1015;282;1;"FVE Dubravy 1";850,000023841858;15,63;186,141;63,2748
"186";2015-07-12;2015-07-12 12:00:00;577;62;22,5;3;49;1015;258;1;"FVE Dubravy 1";850,000023841858;15,63;214,638;59,7715
"187";2015-07-12;2015-07-12 13:00:00;512;79;22,4;3;49;1015;205;1;"FVE Dubravy 1";850,000023841858;15,63;236,331;52,6664
"188";2015-07-12;2015-07-12 14:00:00;424;64;22,2;3;52;1015;116;1;"FVE Dubravy 1";850,000023841858;15,63;252,407;43,7205
"189";2015-07-12;2015-07-12 15:00:00;402;82;22,1;3;52;1015;143;1;"FVE Dubravy 1";850,000023841858;15,63;265,231;33,9984
"190";2015-07-12;2015-07-12 16:00:00;256;63;21,4;2;56;1015;61;1;"FVE Dubravy 1";850,000023841858;15,63;276,424;24,0912
"191";2015-07-12;2015-07-12 17:00:00;177;26;20,5;2;61;1015;23;1;"FVE Dubravy 1";850,000023841858;15,63;286,994;14,3879
"192";2015-07-12;2015-07-12 18:00:00;77;66;19,3;2;63;1015;6;1;"FVE Dubravy 1";850,000023841858;15,63;297,617;5,21706
"193";2015-07-13;2015-07-13 03:00:00;0;99;15,4;1;58;1012;0;1;"FVE Dubravy 1";850,000023841858;15,6;55,7386;0,024544
"194";2015-07-13;2015-07-13 04:00:00;14;99;15,9;2;60;1012;3;1;"FVE Dubravy 1";850,000023841858;15,6;66,655;8,70371
"195";2015-07-13;2015-07-13 05:00:00;61;98;16,8;2;62;1013;19;1;"FVE Dubravy 1";850,000023841858;15,6;77,2026;18,1173
"196";2015-07-13;2015-07-13 06:00:00;130;89;17,6;3;65;1013;39;1;"FVE Dubravy 1";850,000023841858;15,6;87,9393;27,9346
"197";2015-07-13;2015-07-13 07:00:00;268;60;18,4;4;63;1013;43;1;"FVE Dubravy 1";850,000023841858;15,6;99,6466;37,8129
"198";2015-07-13;2015-07-13 08:00:00;403;62;19,1;5;62;1013;45;1;"FVE Dubravy 1";850,000023841858;15,6;113,533;47,3047
"199";2015-07-13;2015-07-13 09:00:00;471;71;19,6;5;57;1013;135;1;"FVE Dubravy 1";850,000023841858;15,6;131,53;55,6704
"200";2015-07-13;2015-07-13 10:00:00;539;49;19,9;5;55;1014;158;1;"FVE Dubravy 1";850,000023841858;15,6;155,97;61,5696
"201";2015-07-13;2015-07-13 11:00:00;609;68;20,4;5;53;1013;38;1;"FVE Dubravy 1";850,000023841858;15,6;186,054;63,1357
"202";2015-07-13;2015-07-13 12:00:00;554;85;20,5;5;52;1013;63;1;"FVE Dubravy 1";850,000023841858;15,6;214,473;59,6532
"203";2015-07-13;2015-07-13 13:00:00;422;93;20,5;4;52;1013;109;1;"FVE Dubravy 1";850,000023841858;15,6;236,154;52,5687
"204";2015-07-13;2015-07-13 14:00:00;399;55;20,6;4;52;1013;202;1;"FVE Dubravy 1";850,000023841858;15,6;252,244;43,6352
"205";2015-07-13;2015-07-13 15:00:00;327;53;20,3;4;56;1014;126;1;"FVE Dubravy 1";850,000023841858;15,6;265,085;33,918
"206";2015-07-13;2015-07-13 16:00:00;201;94;19,8;4;59;1014;74;1;"FVE Dubravy 1";850,000023841858;15,6;276,291;24,0103
"207";2015-07-13;2015-07-13 17:00:00;121;86;19;3;63;1014;28;1;"FVE Dubravy 1";850,000023841858;15,6;286,872;14,3023
"208";2015-07-13;2015-07-13 18:00:00;57;92;18,3;3;66;1014;5;1;"FVE Dubravy 1";850,000023841858;15,6;297,504;5,12356
"209";2015-07-14;2015-07-14 04:00:00;21;65;13,4;0;88;1015;11;1;"FVE Dubravy 1";850,000023841858;15,57;66,7308;8,57535
"210";2015-07-14;2015-07-14 05:00:00;97;59;14;1;87;1015;36;1;"FVE Dubravy 1";850,000023841858;15,57;77,2889;17,9931
"211";2015-07-14;2015-07-14 06:00:00;201;61;15,2;1;83;1015;72;1;"FVE Dubravy 1";850,000023841858;15,57;88,0358;27,8123
"212";2015-07-14;2015-07-14 07:00:00;311;68;16,5;2;79;1015;135;1;"FVE Dubravy 1";850,000023841858;15,57;99,7526;37,6893
"213";2015-07-14;2015-07-14 08:00:00;344;79;17,2;3;75;1015;139;1;"FVE Dubravy 1";850,000023841858;15,57;113,645;47,1756
"214";2015-07-14;2015-07-14 09:00:00;323;86;17,4;3;74;1015;127;1;"FVE Dubravy 1";850,000023841858;15,57;131,629;55,5313
"215";2015-07-14;2015-07-14 10:00:00;384;63;17,6;3;77;1015;229;1;"FVE Dubravy 1";850,000023841858;15,57;156,005;61,4205
"216";2015-07-14;2015-07-14 11:00:00;478;80;18,3;3;76;1015;137;1;"FVE Dubravy 1";850,000023841858;15,57;185,971;62,9902
"217";2015-07-14;2015-07-14 12:00:00;473;80;19;3;74;1015;164;1;"FVE Dubravy 1";850,000023841858;15,57;214,307;59,5283
"218";2015-07-14;2015-07-14 13:00:00;439;69;19,5;4;70;1014;138;1;"FVE Dubravy 1";850,000023841858;15,57;235,975;52,4647
"219";2015-07-14;2015-07-14 14:00:00;462;49;20,2;4;68;1014;187;1;"FVE Dubravy 1";850,000023841858;15,57;252,078;43,5438
"220";2015-07-14;2015-07-14 15:00:00;268;73;18,9;3;84;1015;71;1;"FVE Dubravy 1";850,000023841858;15,57;264,935;33,8318
"221";2015-07-14;2015-07-14 16:00:00;179;99;18,1;3;90;1015;71;1;"FVE Dubravy 1";850,000023841858;15,57;276,155;23,9236
"222";2015-07-14;2015-07-14 17:00:00;79;86;17,3;3;94;1015;19;1;"FVE Dubravy 1";850,000023841858;15,57;286,747;14,2109
"223";2015-07-14;2015-07-14 18:00:00;51;76;16,6;2;93;1015;4;1;"FVE Dubravy 1";850,000023841858;15,57;297,389;5,02409
"224";2015-07-15;2015-07-15 04:00:00;25;41;15;3;92;1016;6;1;"FVE Dubravy 1";850,000023841858;15,54;66,812;8,44348
"225";2015-07-15;2015-07-15 05:00:00;112;22;15,7;3;90;1016;29;1;"FVE Dubravy 1";850,000023841858;15,54;77,381;17,8657
"226";2015-07-15;2015-07-15 06:00:00;261;2;16,9;3;85;1016;85;1;"FVE Dubravy 1";850,000023841858;15,54;88,1385;27,6868
"227";2015-07-15;2015-07-15 07:00:00;418;2;18,5;4;77;1016;147;1;"FVE Dubravy 1";850,000023841858;15,54;99,8654;37,5625
"228";2015-07-15;2015-07-15 08:00:00;539;11;19,9;4;70;1016;153;1;"FVE Dubravy 1";850,000023841858;15,54;113,763;47,0429
"229";2015-07-15;2015-07-15 09:00:00;582;31;20,8;4;66;1017;229;1;"FVE Dubravy 1";850,000023841858;15,54;131,735;55,3879
"230";2015-07-15;2015-07-15 10:00:00;646;28;21,4;4;64;1017;250;1;"FVE Dubravy 1";850,000023841858;15,54;156,048;61,266
"231";2015-07-15;2015-07-15 11:00:00;673;31;22;4;63;1017;224;1;"FVE Dubravy 1";850,000023841858;15,54;185,892;62,8384
"232";2015-07-15;2015-07-15 12:00:00;557;41;21,9;4;64;1017;274;1;"FVE Dubravy 1";850,000023841858;15,54;214,14;59,3968
"233";2015-07-15;2015-07-15 13:00:00;612;21;22,4;4;60;1017;228;1;"FVE Dubravy 1";850,000023841858;15,54;235,793;52,3543
"234";2015-07-15;2015-07-15 14:00:00;537;27;22,5;4;55;1017;132;1;"FVE Dubravy 1";850,000023841858;15,54;251,909;43,4465
"235";2015-07-15;2015-07-15 15:00:00;404;47;22,1;5;58;1017;141;1;"FVE Dubravy 1";850,000023841858;15,54;264,782;33,7398
"236";2015-07-15;2015-07-15 16:00:00;307;11;21,3;4;61;1017;83;1;"FVE Dubravy 1";850,000023841858;15,54;276,016;23,8311
"237";2015-07-15;2015-07-15 17:00:00;204;10;20,4;3;61;1018;23;1;"FVE Dubravy 1";850,000023841858;15,54;286,619;14,1136
"238";2015-07-15;2015-07-15 18:00:00;83;0;19,2;2;65;1018;4;1;"FVE Dubravy 1";850,000023841858;15,54;297,271;4,91866
"239";2015-07-16;2015-07-16 04:00:00;28;0;12,1;0;94;1020;8;1;"FVE Dubravy 1";850,000023841858;15,51;66,8987;8,3082
"240";2015-07-16;2015-07-16 05:00:00;125;0;13,9;0;92;1021;31;1;"FVE Dubravy 1";850,000023841858;15,51;77,4789;17,7352
"241";2015-07-16;2015-07-16 06:00:00;267;2;16;0;75;1021;96;1;"FVE Dubravy 1";850,000023841858;15,51;88,2473;27,5584
"242";2015-07-16;2015-07-16 07:00:00;422;1;18,3;1;68;1021;164;1;"FVE Dubravy 1";850,000023841858;15,51;99,9849;37,4325
"243";2015-07-16;2015-07-16 08:00:00;561;20;20,3;1;61;1020;216;1;"FVE Dubravy 1";850,000023841858;15,51;113,889;46,9067
"244";2015-07-16;2015-07-16 09:00:00;657;39;21,9;2;54;1020;253;1;"FVE Dubravy 1";850,000023841858;15,51;131,849;55,2402
"245";2015-07-16;2015-07-16 10:00:00;736;40;23,2;2;49;1020;274;1;"FVE Dubravy 1";850,000023841858;15,51;156,098;61,1062
"246";2015-07-16;2015-07-16 11:00:00;774;32;24,3;2;45;1020;277;1;"FVE Dubravy 1";850,000023841858;15,51;185,816;62,6803
"247";2015-07-16;2015-07-16 12:00:00;763;31;25,2;2;42;1019;265;1;"FVE Dubravy 1";850,000023841858;15,51;213,974;59,2588
"248";2015-07-16;2015-07-16 13:00:00;699;37;25,8;2;40;1019;240;1;"FVE Dubravy 1";850,000023841858;15,51;235,608;52,2377
"249";2015-07-16;2015-07-16 14:00:00;559;56;26;1;40;1019;204;1;"FVE Dubravy 1";850,000023841858;15,51;251,736;43,3431
"250";2015-07-16;2015-07-16 15:00:00;404;62;25,8;1;41;1018;133;1;"FVE Dubravy 1";850,000023841858;15,51;264,625;33,6419
"251";2015-07-16;2015-07-16 16:00:00;273;73;25,4;1;44;1018;78;1;"FVE Dubravy 1";850,000023841858;15,51;275,874;23,7328
"252";2015-07-16;2015-07-16 17:00:00;176;0;24,3;2;49;1018;22;1;"FVE Dubravy 1";850,000023841858;15,51;286,489;14,0105
"253";2015-07-16;2015-07-16 18:00:00;81;0;22,4;2;49;1019;4;1;"FVE Dubravy 1";850,000023841858;15,51;297,151;4,80729
"254";2015-07-17;2015-07-17 04:00:00;27;9;15,3;0;94;1019;9;1;"FVE Dubravy 1";850,000023841858;15,48;66,9907;8,16957
"255";2015-07-17;2015-07-17 05:00:00;122;9;17,3;0;92;1019;25;1;"FVE Dubravy 1";850,000023841858;15,48;77,5825;17,6015
"256";2015-07-17;2015-07-17 06:00:00;259;8;20,7;0;77;1019;74;1;"FVE Dubravy 1";850,000023841858;15,48;88,3623;27,4269
"257";2015-07-17;2015-07-17 07:00:00;413;0;22,8;0;70;1019;149;1;"FVE Dubravy 1";850,000023841858;15,48;100,111;37,2995
"258";2015-07-17;2015-07-17 08:00:00;557;0;24,9;1;63;1019;199;1;"FVE Dubravy 1";850,000023841858;15,48;114,023;46,767
"259";2015-07-17;2015-07-17 09:00:00;662;10;26,5;1;57;1019;225;1;"FVE Dubravy 1";850,000023841858;15,48;131,971;55,0883
"260";2015-07-17;2015-07-17 10:00:00;684;20;27,6;2;51;1018;233;1;"FVE Dubravy 1";850,000023841858;15,48;156,155;60,9412
"261";2015-07-17;2015-07-17 11:00:00;670;25;28,2;3;48;1018;256;1;"FVE Dubravy 1";850,000023841858;15,48;185,745;62,516
"262";2015-07-17;2015-07-17 12:00:00;620;48;28,3;3;47;1018;260;1;"FVE Dubravy 1";850,000023841858;15,48;213,808;59,1142
"263";2015-07-17;2015-07-17 13:00:00;583;28;28,4;2;49;1017;193;1;"FVE Dubravy 1";850,000023841858;15,48;235,422;52,1146
"264";2015-07-17;2015-07-17 14:00:00;252;100;25,2;4;70;1019;167;1;"FVE Dubravy 1";850,000023841858;15,48;251,561;43,2337
"265";2015-07-17;2015-07-17 15:00:00;156;84;21,7;2;90;1019;124;1;"FVE Dubravy 1";850,000023841858;15,48;264,466;33,5381
"266";2015-07-17;2015-07-17 16:00:00;312;3;22,5;0;85;1019;62;1;"FVE Dubravy 1";850,000023841858;15,48;275,729;23,6288
"267";2015-07-17;2015-07-17 17:00:00;203;0;22,5;0;85;1019;27;1;"FVE Dubravy 1";850,000023841858;15,48;286,356;13,9016
"268";2015-07-17;2015-07-17 18:00:00;79;0;21,6;0;92;1019;3;1;"FVE Dubravy 1";850,000023841858;15,48;297,028;4,68998
"269";2015-07-18;2015-07-18 04:00:00;26;3;18,5;1;77;1018;8;1;"FVE Dubravy 1";850,000023841858;15,45;67,0882;8,02766
"270";2015-07-18;2015-07-18 05:00:00;119;9;19,8;1;77;1019;31;1;"FVE Dubravy 1";850,000023841858;15,45;77,6918;17,4649
"271";2015-07-18;2015-07-18 06:00:00;245;25;22,9;0;61;1019;87;1;"FVE Dubravy 1";850,000023841858;15,45;88,4833;27,2926
"272";2015-07-18;2015-07-18 07:00:00;356;36;24,5;0;55;1019;153;1;"FVE Dubravy 1";850,000023841858;15,45;100,244;37,1633
"273";2015-07-18;2015-07-18 08:00:00;441;55;26,2;0;51;1019;172;1;"FVE Dubravy 1";850,000023841858;15,45;114,163;46,6238
"274";2015-07-18;2015-07-18 09:00:00;482;68;27,3;1;48;1018;226;1;"FVE Dubravy 1";850,000023841858;15,45;132,1;54,9322
"275";2015-07-18;2015-07-18 10:00:00;471;76;28,1;1;46;1018;245;1;"FVE Dubravy 1";850,000023841858;15,45;156,218;60,7709
"276";2015-07-18;2015-07-18 11:00:00;462;74;28,6;1;44;1018;237;1;"FVE Dubravy 1";850,000023841858;15,45;185,678;62,3455
"277";2015-07-18;2015-07-18 12:00:00;468;68;28,9;2;44;1017;258;1;"FVE Dubravy 1";850,000023841858;15,45;213,642;58,9631
"278";2015-07-18;2015-07-18 13:00:00;425;71;29;2;44;1017;98;1;"FVE Dubravy 1";850,000023841858;15,45;235,233;51,9853
"279";2015-07-18;2015-07-18 14:00:00;355;71;28,7;2;44;1017;50;1;"FVE Dubravy 1";850,000023841858;15,45;251,382;43,1182
"280";2015-07-18;2015-07-18 15:00:00;289;67;28,3;2;45;1017;83;1;"FVE Dubravy 1";850,000023841858;15,45;264,304;33,4285
"281";2015-07-18;2015-07-18 16:00:00;246;43;27,8;2;47;1016;42;1;"FVE Dubravy 1";850,000023841858;15,45;275,581;23,5189
"282";2015-07-18;2015-07-18 17:00:00;165;48;27,1;2;50;1017;23;1;"FVE Dubravy 1";850,000023841858;15,45;286,22;13,7869
"283";2015-07-18;2015-07-18 18:00:00;60;53;25,9;1;57;1017;4;1;"FVE Dubravy 1";850,000023841858;15,45;296,904;4,56675
"284";2015-07-19;2015-07-19 04:00:00;20;52;18,3;0;93;1016;12;1;"FVE Dubravy 1";850,000023841858;15,41;67,1911;7,88257
"285";2015-07-19;2015-07-19 05:00:00;88;39;19,9;0;90;1016;31;1;"FVE Dubravy 1";850,000023841858;15,41;77,8067;17,3253
"286";2015-07-19;2015-07-19 06:00:00;221;14;22,5;0;76;1016;81;1;"FVE Dubravy 1";850,000023841858;15,41;88,6104;27,1554
"287";2015-07-19;2015-07-19 07:00:00;357;33;24,5;1;69;1016;147;1;"FVE Dubravy 1";850,000023841858;15,41;100,383;37,0242
"288";2015-07-19;2015-07-19 08:00:00;430;48;25,8;1;62;1015;197;1;"FVE Dubravy 1";850,000023841858;15,41;114,31;46,4773
"289";2015-07-19;2015-07-19 09:00:00;505;50;26,8;2;56;1015;235;1;"FVE Dubravy 1";850,000023841858;15,41;132,237;54,772
"290";2015-07-19;2015-07-19 10:00:00;606;26;27,5;3;52;1015;257;1;"FVE Dubravy 1";850,000023841858;15,41;156,289;60,5956
"291";2015-07-19;2015-07-19 11:00:00;724;6;28,2;3;49;1014;260;1;"FVE Dubravy 1";850,000023841858;15,41;185,615;62,169
"292";2015-07-19;2015-07-19 12:00:00;738;10;28,7;3;47;1013;217;1;"FVE Dubravy 1";850,000023841858;15,41;213,477;58,8055
"293";2015-07-19;2015-07-19 13:00:00;678;9;28,9;3;46;1013;190;1;"FVE Dubravy 1";850,000023841858;15,41;235,043;51,8496
"294";2015-07-19;2015-07-19 14:00:00;591;9;29;3;46;1012;155;1;"FVE Dubravy 1";850,000023841858;15,41;251,201;42,9967
"295";2015-07-19;2015-07-19 15:00:00;462;13;28,6;3;48;1012;120;1;"FVE Dubravy 1";850,000023841858;15,41;264,138;33,3131
"296";2015-07-19;2015-07-19 16:00:00;327;39;27,9;3;51;1012;50;1;"FVE Dubravy 1";850,000023841858;15,41;275,431;23,4033
"297";2015-07-19;2015-07-19 17:00:00;182;52;26,8;3;58;1012;22;1;"FVE Dubravy 1";850,000023841858;15,41;286,082;13,6663
"298";2015-07-19;2015-07-19 18:00:00;67;64;25,7;3;64;1012;1;1;"FVE Dubravy 1";850,000023841858;15,41;296,777;4,43762
"299";2015-07-20;2015-07-20 04:00:00;14;89;19,3;3;86;1011;3;1;"FVE Dubravy 1";850,000023841858;15,38;67,2993;7,73435
"300";2015-07-20;2015-07-20 05:00:00;59;96;19,4;3;84;1011;12;1;"FVE Dubravy 1";850,000023841858;15,38;77,9273;17,1829
"301";2015-07-20;2015-07-20 06:00:00;112;95;19,8;3;81;1012;48;1;"FVE Dubravy 1";850,000023841858;15,38;88,7435;27,0154
"302";2015-07-20;2015-07-20 07:00:00;201;95;20,9;3;75;1013;99;1;"FVE Dubravy 1";850,000023841858;15,38;100,529;36,8822
"303";2015-07-20;2015-07-20 08:00:00;216;94;21,5;3;70;1013;215;1;"FVE Dubravy 1";850,000023841858;15,38;114,465;46,3274
"304";2015-07-20;2015-07-20 09:00:00;360;46;22,3;3;67;1013;257;1;"FVE Dubravy 1";850,000023841858;15,38;132,381;54,6078
"305";2015-07-20;2015-07-20 10:00:00;694;14;24,1;4;60;1013;270;1;"FVE Dubravy 1";850,000023841858;15,38;156,366;60,4152
"306";2015-07-20;2015-07-20 11:00:00;702;19;24,3;4;59;1013;206;1;"FVE Dubravy 1";850,000023841858;15,38;185,556;61,9864
"307";2015-07-20;2015-07-20 12:00:00;682;16;24,6;4;56;1013;229;1;"FVE Dubravy 1";850,000023841858;15,38;213,313;58,6415
"308";2015-07-20;2015-07-20 13:00:00;689;3;24,9;4;51;1013;248;1;"FVE Dubravy 1";850,000023841858;15,38;234,851;51,7077
"309";2015-07-20;2015-07-20 14:00:00;628;1;24,7;4;47;1013;214;1;"FVE Dubravy 1";850,000023841858;15,38;251,017;42,8692
"310";2015-07-20;2015-07-20 15:00:00;504;0;24,4;4;47;1013;152;1;"FVE Dubravy 1";850,000023841858;15,38;263,971;33,1918
"311";2015-07-20;2015-07-20 16:00:00;355;0;23,8;3;50;1013;81;1;"FVE Dubravy 1";850,000023841858;15,38;275,278;23,2818
"312";2015-07-20;2015-07-20 17:00:00;202;0;22,8;3;51;1014;21;1;"FVE Dubravy 1";850,000023841858;15,38;285,942;13,54
"313";2015-07-20;2015-07-20 18:00:00;76;0;21,5;2;50;1014;3;1;"FVE Dubravy 1";850,000023841858;15,38;296,649;4,30261
"314";2015-07-21;2015-07-21 04:00:00;23;0;14,4;1;83;1017;6;1;"FVE Dubravy 1";850,000023841858;15,34;67,413;7,58309
"315";2015-07-21;2015-07-21 05:00:00;114;0;16;1;81;1017;28;1;"FVE Dubravy 1";850,000023841858;15,34;78,0536;17,0376
"316";2015-07-21;2015-07-21 06:00:00;252;0;18,2;0;71;1017;91;1;"FVE Dubravy 1";850,000023841858;15,34;88,8826;26,8726
"317";2015-07-21;2015-07-21 07:00:00;404;0;19,9;0;67;1017;156;1;"FVE Dubravy 1";850,000023841858;15,34;100,681;36,7373
"318";2015-07-21;2015-07-21 08:00:00;545;10;22,1;1;65;1017;188;1;"FVE Dubravy 1";850,000023841858;15,34;114,626;46,1742
"319";2015-07-21;2015-07-21 09:00:00;656;5;23,6;1;62;1017;241;1;"FVE Dubravy 1";850,000023841858;15,34;132,532;54,4395
"320";2015-07-21;2015-07-21 10:00:00;696;15;24,7;1;60;1017;262;1;"FVE Dubravy 1";850,000023841858;15,34;156,449;60,2297
"321";2015-07-21;2015-07-21 11:00:00;657;34;25,4;2;59;1017;217;1;"FVE Dubravy 1";850,000023841858;15,34;185,502;61,798
"322";2015-07-21;2015-07-21 12:00:00;629;32;25,7;2;58;1017;156;1;"FVE Dubravy 1";850,000023841858;15,34;213,149;58,4712
"323";2015-07-21;2015-07-21 13:00:00;591;38;26;2;58;1016;172;1;"FVE Dubravy 1";850,000023841858;15,34;234,658;51,5594
"324";2015-07-21;2015-07-21 14:00:00;498;32;26,1;2;57;1016;177;1;"FVE Dubravy 1";850,000023841858;15,34;250,832;42,7356
"325";2015-07-21;2015-07-21 15:00:00;409;23;26;2;58;1016;144;1;"FVE Dubravy 1";850,000023841858;15,34;263,8;33,0646
"326";2015-07-21;2015-07-21 16:00:00;303;20;25,9;2;61;1016;73;1;"FVE Dubravy 1";850,000023841858;15,34;275,122;23,1547
"327";2015-07-21;2015-07-21 17:00:00;173;15;25,2;2;66;1016;19;1;"FVE Dubravy 1";850,000023841858;15,34;285,799;13,4079
"328";2015-07-21;2015-07-21 18:00:00;71;5;24;2;70;1016;2;1;"FVE Dubravy 1";850,000023841858;15,34;296,518;4,16174
"329";2015-07-22;2015-07-22 04:00:00;22;0;17,5;0;95;1016;7;1;"FVE Dubravy 1";850,000023841858;15,3;67,532;7,42886
"330";2015-07-22;2015-07-22 05:00:00;112;0;19,3;0;91;1016;28;1;"FVE Dubravy 1";850,000023841858;15,3;78,1854;16,8897
"331";2015-07-22;2015-07-22 06:00:00;248;0;22,5;0;76;1017;87;1;"FVE Dubravy 1";850,000023841858;15,3;89,0276;26,7272
"332";2015-07-22;2015-07-22 07:00:00;400;0;24,4;0;69;1017;151;1;"FVE Dubravy 1";850,000023841858;15,3;100,839;36,5896
"333";2015-07-22;2015-07-22 08:00:00;543;0;26,2;1;63;1017;199;1;"FVE Dubravy 1";850,000023841858;15,3;114,795;46,0178
"334";2015-07-22;2015-07-22 09:00:00;661;0;27,6;1;58;1016;234;1;"FVE Dubravy 1";850,000023841858;15,3;132,691;54,2673
"335";2015-07-22;2015-07-22 10:00:00;734;5;29;2;53;1016;259;1;"FVE Dubravy 1";850,000023841858;15,3;156,539;60,0394
"336";2015-07-22;2015-07-22 11:00:00;722;18;29,7;2;49;1015;225;1;"FVE Dubravy 1";850,000023841858;15,3;185,452;61,6036
"337";2015-07-22;2015-07-22 12:00:00;665;24;30,1;2;46;1015;257;1;"FVE Dubravy 1";850,000023841858;15,3;212,987;58,2945
"338";2015-07-22;2015-07-22 13:00:00;568;34;29,2;3;51;1015;157;1;"FVE Dubravy 1";850,000023841858;15,3;234,463;51,405
"339";2015-07-22;2015-07-22 14:00:00;506;55;27,1;3;65;1016;141;1;"FVE Dubravy 1";850,000023841858;15,3;250,643;42,596
"340";2015-07-22;2015-07-22 15:00:00;340;19;25,6;3;72;1016;130;1;"FVE Dubravy 1";850,000023841858;15,3;263,627;32,9316
"341";2015-07-22;2015-07-22 16:00:00;336;0;25,5;1;70;1015;75;1;"FVE Dubravy 1";850,000023841858;15,3;274,964;23,0217
"342";2015-07-22;2015-07-22 17:00:00;192;0;25,5;2;70;1015;26;1;"FVE Dubravy 1";850,000023841858;15,3;285,654;13,27
"343";2015-07-22;2015-07-22 18:00:00;71;0;24,3;2;74;1015;3;1;"FVE Dubravy 1";850,000023841858;15,3;296,385;4,01504
"344";2015-07-24;2015-07-24 04:00:00;19;15;18,1;1;96;1014;8;1;"FVE Dubravy 1";850,000023841858;15,23;67,7859;7,11178
"345";2015-07-24;2015-07-24 05:00:00;106;8;19,5;1;95;1014;30;1;"FVE Dubravy 1";850,000023841858;15,23;78,4657;16,5858
"346";2015-07-24;2015-07-24 06:00:00;221;22;21,2;1;91;1014;70;1;"FVE Dubravy 1";850,000023841858;15,23;89,335;26,4286
"347";2015-07-24;2015-07-24 07:00:00;356;21;22,5;1;87;1014;139;1;"FVE Dubravy 1";850,000023841858;15,23;101,175;36,2859
"348";2015-07-24;2015-07-24 08:00:00;431;63;23,4;1;83;1014;193;1;"FVE Dubravy 1";850,000023841858;15,23;115,151;45,6955
"349";2015-07-24;2015-07-24 09:00:00;515;40;24,1;1;80;1014;231;1;"FVE Dubravy 1";850,000023841858;15,23;133,028;53,9112
"350";2015-07-24;2015-07-24 10:00:00;617;52;24,9;1;77;1014;258;1;"FVE Dubravy 1";850,000023841858;15,23;156,738;59,6441
"351";2015-07-24;2015-07-24 11:00:00;556;88;24,8;0;75;1014;263;1;"FVE Dubravy 1";850,000023841858;15,23;185,366;61,1975
"352";2015-07-24;2015-07-24 12:00:00;473;88;23,9;0;80;1014;246;1;"FVE Dubravy 1";850,000023841858;15,23;212,668;57,9223
"353";2015-07-24;2015-07-24 13:00:00;495;63;24,4;0;82;1013;224;1;"FVE Dubravy 1";850,000023841858;15,23;234,072;51,0774
"354";2015-07-24;2015-07-24 14:00:00;462;54;25;0;79;1013;74;1;"FVE Dubravy 1";850,000023841858;15,23;250,262;42,2988
"355";2015-07-24;2015-07-24 15:00:00;369;43;25,5;0;76;1012;6;1;"FVE Dubravy 1";850,000023841858;15,23;263,275;32,6481
"356";2015-07-24;2015-07-24 16:00:00;265;35;25,4;1;73;1011;0;1;"FVE Dubravy 1";850,000023841858;15,23;274,641;22,7386
"357";2015-07-24;2015-07-24 17:00:00;126;100;23,4;3;81;1013;0;1;"FVE Dubravy 1";850,000023841858;15,23;285,358;12,9771
"358";2015-07-24;2015-07-24 18:00:00;13;81;19,7;2;97;1013;0;1;"FVE Dubravy 1";850,000023841858;15,23;296,115;3,70427
"359";2015-07-26;2015-07-26 04:00:00;8;99;14;4;74;1013;7;1;"FVE Dubravy 1";850,000023841858;15,15;68,061;6,78369
"360";2015-07-26;2015-07-26 05:00:00;45;99;14,3;4;73;1013;12;1;"FVE Dubravy 1";850,000023841858;15,15;78,7679;16,2718
"361";2015-07-26;2015-07-26 06:00:00;94;94;14;4;80;1014;19;1;"FVE Dubravy 1";850,000023841858;15,15;89,6654;26,12
"362";2015-07-26;2015-07-26 07:00:00;160;98;14,3;3;80;1014;89;1;"FVE Dubravy 1";850,000023841858;15,15;101,535;35,9715
"363";2015-07-26;2015-07-26 08:00:00;252;81;15,4;3;78;1013;108;1;"FVE Dubravy 1";850,000023841858;15,15;115,533;45,3608
"364";2015-07-26;2015-07-26 09:00:00;519;15;17,3;3;70;1013;209;1;"FVE Dubravy 1";850,000023841858;15,15;133,391;53,5398
"365";2015-07-26;2015-07-26 10:00:00;735;1;18,8;4;64;1013;278;1;"FVE Dubravy 1";850,000023841858;15,15;156,962;59,2298
"366";2015-07-26;2015-07-26 11:00:00;783;1;19,6;4;59;1013;282;1;"FVE Dubravy 1";850,000023841858;15,15;185,298;60,7687
"367";2015-07-26;2015-07-26 12:00:00;780;20;20;4;57;1013;278;1;"FVE Dubravy 1";850,000023841858;15,15;212,355;57,5255
"368";2015-07-26;2015-07-26 13:00:00;722;15;20,3;3;56;1012;255;1;"FVE Dubravy 1";850,000023841858;15,15;233,678;50,7251
"369";2015-07-26;2015-07-26 14:00:00;635;0;20,5;2;55;1012;214;1;"FVE Dubravy 1";850,000023841858;15,15;249,873;41,9777
"370";2015-07-26;2015-07-26 15:00:00;502;1;20,3;2;56;1012;155;1;"FVE Dubravy 1";850,000023841858;15,15;262,914;32,3414
"371";2015-07-26;2015-07-26 16:00:00;349;0;19,6;2;62;1012;83;1;"FVE Dubravy 1";850,000023841858;15,15;274,31;22,4328
"372";2015-07-26;2015-07-26 17:00:00;194;0;18,6;2;70;1012;20;1;"FVE Dubravy 1";850,000023841858;15,15;285,054;12,6614
"373";2015-07-26;2015-07-26 18:00:00;68;0;17;1;73;1012;3;1;"FVE Dubravy 1";850,000023841858;15,15;295,839;3,37058
"374";2015-07-27;2015-07-27 04:00:00;10;96;11,9;0;92;1010;19;1;"FVE Dubravy 1";850,000023841858;15,1;68,2064;6,61569
"375";2015-07-27;2015-07-27 05:00:00;40;99;13;0;92;1010;26;1;"FVE Dubravy 1";850,000023841858;15,1;78,927;16,1111
"376";2015-07-27;2015-07-27 06:00:00;88;99;14,7;0;79;1010;18;1;"FVE Dubravy 1";850,000023841858;15,1;89,839;25,9621
"377";2015-07-27;2015-07-27 07:00:00;122;100;15,5;0;76;1010;43;1;"FVE Dubravy 1";850,000023841858;15,1;101,724;35,8104
"378";2015-07-27;2015-07-27 08:00:00;144;100;16,2;0;71;1010;115;1;"FVE Dubravy 1";850,000023841858;15,1;115,734;45,1889
"379";2015-07-27;2015-07-27 09:00:00;184;100;16,5;1;69;1010;173;1;"FVE Dubravy 1";850,000023841858;15,1;133,582;53,3486
"380";2015-07-27;2015-07-27 10:00:00;296;98;17,2;1;62;1009;126;1;"FVE Dubravy 1";850,000023841858;15,1;157,082;59,0157
"381";2015-07-27;2015-07-27 11:00:00;220;100;16,4;1;66;1010;70;1;"FVE Dubravy 1";850,000023841858;15,1;185,27;60,546
"382";2015-07-27;2015-07-27 12:00:00;120;100;14,5;1;85;1010;61;1;"FVE Dubravy 1";850,000023841858;15,1;212,202;57,318
"383";2015-07-27;2015-07-27 13:00:00;218;93;14,8;2;86;1010;30;1;"FVE Dubravy 1";850,000023841858;15,1;233,481;50,5398
"384";2015-07-27;2015-07-27 14:00:00;189;96;15,2;2;81;1009;12;1;"FVE Dubravy 1";850,000023841858;15,1;249,677;41,8082
"385";2015-07-27;2015-07-27 15:00:00;243;71;16;2;75;1009;38;1;"FVE Dubravy 1";850,000023841858;15,1;262,732;32,1795
"386";2015-07-27;2015-07-27 16:00:00;235;14;16,5;1;69;1009;36;1;"FVE Dubravy 1";850,000023841858;15,1;274,142;22,2714
"387";2015-07-27;2015-07-27 17:00:00;174;4;16,4;1;69;1009;22;1;"FVE Dubravy 1";850,000023841858;15,1;284,9;12,4951
"388";2015-07-27;2015-07-27 18:00:00;62;46;15,7;1;76;1009;5;1;"FVE Dubravy 1";850,000023841858;15,1;295,698;3,19523
"389";2015-07-28;2015-07-28 04:00:00;16;11;10,3;1;99;1010;3;1;"FVE Dubravy 1";850,000023841858;15,06;68,357;6,44516
"390";2015-07-28;2015-07-28 05:00:00;101;21;11,7;1;97;1010;15;1;"FVE Dubravy 1";850,000023841858;15,06;79,0915;15,9481
"391";2015-07-28;2015-07-28 06:00:00;234;23;13,8;1;89;1010;68;1;"FVE Dubravy 1";850,000023841858;15,06;90,0182;25,8018
"392";2015-07-28;2015-07-28 07:00:00;383;28;15,6;2;82;1011;133;1;"FVE Dubravy 1";850,000023841858;15,06;101,918;35,6467
"393";2015-07-28;2015-07-28 08:00:00;504;43;17,2;2;76;1011;200;1;"FVE Dubravy 1";850,000023841858;15,06;115,941;45,014
"394";2015-07-28;2015-07-28 09:00:00;555;70;18,4;3;69;1011;194;1;"FVE Dubravy 1";850,000023841858;15,06;133,78;53,1536
"395";2015-07-28;2015-07-28 10:00:00;598;63;19,2;3;63;1010;163;1;"FVE Dubravy 1";850,000023841858;15,06;157,208;58,797
"396";2015-07-28;2015-07-28 11:00:00;626;73;19,8;4;58;1010;220;1;"FVE Dubravy 1";850,000023841858;15,06;185,248;60,3179
"397";2015-07-28;2015-07-28 12:00:00;494;85;19,7;4;58;1010;197;1;"FVE Dubravy 1";850,000023841858;15,06;212,051;57,1046
"398";2015-07-28;2015-07-28 13:00:00;468;73;19,4;4;64;1010;111;1;"FVE Dubravy 1";850,000023841858;15,06;233,284;50,3485
"399";2015-07-28;2015-07-28 14:00:00;381;73;18,7;4;68;1010;58;1;"FVE Dubravy 1";850,000023841858;15,06;249,479;41,6329
"400";2015-07-28;2015-07-28 15:00:00;271;87;17,9;4;76;1011;73;1;"FVE Dubravy 1";850,000023841858;15,06;262,547;32,0118
"401";2015-07-28;2015-07-28 16:00:00;170;90;17,5;3;80;1011;56;1;"FVE Dubravy 1";850,000023841858;15,06;273,972;22,1043
"402";2015-07-28;2015-07-28 17:00:00;100;84;16,8;3;87;1011;8;1;"FVE Dubravy 1";850,000023841858;15,06;284,744;12,3233
"403";2015-07-28;2015-07-28 18:00:00;38;82;16,3;3;82;1011;0;1;"FVE Dubravy 1";850,000023841858;15,06;295,556;3,01427
"404";2015-07-29;2015-07-29 04:00:00;3;100;13,7;1;95;1012;0;1;"FVE Dubravy 1";850,000023841858;15,02;68,5127;6,27215
"405";2015-07-29;2015-07-29 05:00:00;37;100;13,7;2;94;1012;2;1;"FVE Dubravy 1";850,000023841858;15,02;79,2613;15,7828
"406";2015-07-29;2015-07-29 06:00:00;85;100;13,6;2;95;1012;8;1;"FVE Dubravy 1";850,000023841858;15,02;90,2028;25,6393
"407";2015-07-29;2015-07-29 07:00:00;116;100;13,5;2;96;1013;16;1;"FVE Dubravy 1";850,000023841858;15,02;102,119;35,4806
"408";2015-07-29;2015-07-29 08:00:00;159;99;13,6;2;95;1012;30;1;"FVE Dubravy 1";850,000023841858;15,02;116,153;44,8362
"409";2015-07-29;2015-07-29 09:00:00;193;100;13,7;2;95;1012;35;1;"FVE Dubravy 1";850,000023841858;15,02;133,983;52,955
"410";2015-07-29;2015-07-29 10:00:00;224;100;13,8;2;95;1013;60;1;"FVE Dubravy 1";850,000023841858;15,02;157,34;58,5738
"411";2015-07-29;2015-07-29 11:00:00;194;99;13,9;2;95;1012;102;1;"FVE Dubravy 1";850,000023841858;15,02;185,229;60,0844
"412";2015-07-29;2015-07-29 12:00:00;217;100;13,8;2;95;1012;94;1;"FVE Dubravy 1";850,000023841858;15,02;211,902;56,8852
"413";2015-07-29;2015-07-29 13:00:00;230;98;14;2;94;1012;75;1;"FVE Dubravy 1";850,000023841858;15,02;233,087;50,1512
"414";2015-07-29;2015-07-29 14:00:00;232;95;14,2;2;93;1012;45;1;"FVE Dubravy 1";850,000023841858;15,02;249,281;41,4518
"415";2015-07-29;2015-07-29 15:00:00;215;88;14,4;2;91;1012;52;1;"FVE Dubravy 1";850,000023841858;15,02;262,361;31,8385
"416";2015-07-29;2015-07-29 16:00:00;164;79;14,5;2;90;1012;90;1;"FVE Dubravy 1";850,000023841858;15,02;273,801;21,9317
"417";2015-07-29;2015-07-29 17:00:00;102;70;14,4;2;91;1012;19;1;"FVE Dubravy 1";850,000023841858;15,02;284,586;12,1459
"418";2015-07-29;2015-07-29 18:00:00;37;67;13,9;1;93;1012;2;1;"FVE Dubravy 1";850,000023841858;15,02;295,412;2,82776
"419";2015-07-30;2015-07-30 04:00:00;7;91;12,1;1;96;1013;3;1;"FVE Dubravy 1";850,000023841858;14,98;68,6736;6,09674
"420";2015-07-30;2015-07-30 05:00:00;47;95;12,6;2;96;1013;9;1;"FVE Dubravy 1";850,000023841858;14,98;79,4363;15,6153
"421";2015-07-30;2015-07-30 06:00:00;53;100;12,9;2;96;1013;49;1;"FVE Dubravy 1";850,000023841858;14,98;90,3928;25,4745
"422";2015-07-30;2015-07-30 07:00:00;156;89;14,1;3;91;1013;25;1;"FVE Dubravy 1";850,000023841858;14,98;102,325;35,312
"423";2015-07-30;2015-07-30 08:00:00;252;82;14,6;3;84;1014;82;1;"FVE Dubravy 1";850,000023841858;14,98;116,372;44,6554
"424";2015-07-30;2015-07-30 09:00:00;321;79;15;3;79;1014;110;1;"FVE Dubravy 1";850,000023841858;14,98;134,193;52,7528
"425";2015-07-30;2015-07-30 10:00:00;385;84;15,8;3;71;1014;183;1;"FVE Dubravy 1";850,000023841858;14,98;157,477;58,3462
"426";2015-07-30;2015-07-30 11:00:00;396;75;16,3;3;67;1014;163;1;"FVE Dubravy 1";850,000023841858;14,98;185,215;59,8456
"427";2015-07-30;2015-07-30 12:00:00;421;80;16,7;3;63;1014;287;1;"FVE Dubravy 1";850,000023841858;14,98;211,755;56,66
"428";2015-07-30;2015-07-30 13:00:00;394;63;16,8;3;60;1014;252;1;"FVE Dubravy 1";850,000023841858;14,98;232,89;49,948
"429";2015-07-30;2015-07-30 14:00:00;398;56;17,1;3;60;1014;216;1;"FVE Dubravy 1";850,000023841858;14,98;249,081;41,2648
"430";2015-07-30;2015-07-30 15:00:00;312;59;16,9;3;63;1014;157;1;"FVE Dubravy 1";850,000023841858;14,98;262,173;31,6595
"431";2015-07-30;2015-07-30 16:00:00;210;63;16,5;3;64;1014;81;1;"FVE Dubravy 1";850,000023841858;14,98;273,627;21,7536
"432";2015-07-30;2015-07-30 17:00:00;114;70;15,8;2;67;1014;20;1;"FVE Dubravy 1";850,000023841858;14,98;284,427;11,963
"433";2015-07-30;2015-07-30 18:00:00;37;80;15;2;68;1014;3;1;"FVE Dubravy 1";850,000023841858;14,98;295,268;2,63573
"434";2015-07-31;2015-07-31 04:00:00;6;98;11,6;0;70;1016;7;1;"FVE Dubravy 1";850,000023841858;14,93;68,8395;5,91899
"435";2015-07-31;2015-07-31 05:00:00;42;98;12,6;1;67;1017;15;1;"FVE Dubravy 1";850,000023841858;14,93;79,6164;15,4456
"436";2015-07-31;2015-07-31 06:00:00;88;98;13,8;1;61;1017;15;1;"FVE Dubravy 1";850,000023841858;14,93;90,5881;25,3075
"437";2015-07-31;2015-07-31 07:00:00;143;98;14,5;2;56;1017;26;1;"FVE Dubravy 1";850,000023841858;14,93;102,537;35,141
"438";2015-07-31;2015-07-31 08:00:00;218;95;15,1;2;56;1018;49;1;"FVE Dubravy 1";850,000023841858;14,93;116,596;44,4718
"439";2015-07-31;2015-07-31 09:00:00;297;85;15,7;2;56;1018;83;1;"FVE Dubravy 1";850,000023841858;14,93;134,407;52,5471
"440";2015-07-31;2015-07-31 10:00:00;470;16;17,3;2;55;1017;239;1;"FVE Dubravy 1";850,000023841858;14,93;157,62;58,1142
"441";2015-07-31;2015-07-31 11:00:00;754;12;19,4;3;47;1017;267;1;"FVE Dubravy 1";850,000023841858;14,93;185,205;59,6017
"442";2015-07-31;2015-07-31 12:00:00;742;7;20;3;42;1017;283;1;"FVE Dubravy 1";850,000023841858;14,93;211,611;56,429
"443";2015-07-31;2015-07-31 13:00:00;697;7;20,2;4;39;1017;191;1;"FVE Dubravy 1";850,000023841858;14,93;232,694;49,7389
"444";2015-07-31;2015-07-31 14:00:00;596;10;20,1;4;40;1017;209;1;"FVE Dubravy 1";850,000023841858;14,93;248,881;41,0721
"445";2015-07-31;2015-07-31 15:00:00;453;14;19,9;3;42;1017;161;1;"FVE Dubravy 1";850,000023841858;14,93;261,984;31,4749
"446";2015-07-31;2015-07-31 16:00:00;307;12;19,3;2;45;1017;81;1;"FVE Dubravy 1";850,000023841858;14,93;273,453;21,57
"447";2015-07-31;2015-07-31 17:00:00;178;0;18,2;1;54;1017;19;1;"FVE Dubravy 1";850,000023841858;14,93;284,266;11,7747
"448";2015-07-31;2015-07-31 18:00:00;58;0;16,2;1;62;1018;2;1;"FVE Dubravy 1";850,000023841858;14,93;295,122;2,43824
